<?xml version="1.0" encoding="UTF-8"?>
<project-private xmlns="http://www.netbeans.org/ns/project-private/1">
    <editor-bookmarks xmlns="http://www.netbeans.org/ns/editor-bookmarks/2" lastBookmarkId="0"/>
    <open-files xmlns="http://www.netbeans.org/ns/projectui-open-files/2">
        <group>
            <file>file:/C:/Users/Adrian/Desktop/Display%20(basic)/memoryGame/src/memorygame/Card.java</file>
            <file>file:/C:/Users/Adrian/Desktop/Display%20(basic)/memoryGame/src/memorygame/Test.java</file>
            <file>file:/C:/Users/Adrian/Desktop/Display%20(basic)/memoryGame/src/memorygame/BottomPanel.java</file>
            <file>file:/C:/Users/Adrian/Desktop/Display%20(basic)/memoryGame/src/memorygame/MemoryGame.java</file>
            <file>file:/C:/Users/Adrian/Desktop/Display%20(basic)/memoryGame/src/memorygame/ButtonsPanel.java</file>
            <file>file:/C:/Users/Adrian/Desktop/Display%20(basic)/memoryGame/src/memorygame/MainPanel.java</file>
        </group>
    </open-files>
</project-private>
